LocationDesc,AgeGroup,Arthritis among older adults,"Disability status, including sensory or mobility limitations",Fair or poor health among older adults with arthritis,Fall with injury within last year,Oral health:  tooth retention,Physically unhealthy days (mean number of days),Prevalence of sufficient sleep,Recent activity limitations in past month,Self-rated health (fair to poor health),Self-rated health (good to excellent health),Severe joint pain among older adults with arthritis,Taking medication for high blood pressure
Alabama,0.0,46.67,41.5,43.045,12.16,68.62666666666668,6.2,59.5,8.183333333333334,29.683333333333334,70.31666666666666,47.00666666666667,87.88000000000001
Alabama,1.0,58.89,49.06399999999999,42.13,9.773333333333333,53.79333333333333,6.153333333333333,70.53999999999999,6.739999999999999,33.70666666666667,66.29333333333334,34.06666666666667,94.18666666666667
Alabama,2.0,53.88695652173914,46.84074074074074,42.45,11.1,62.233333333333334,6.575757575757576,64.46,7.566666666666666,32.91212121212121,67.0878787878788,40.61333333333334,90.97333333333333
Alaska,0.0,32.14,27.6,30.964999999999996,14.235714285714286,79.52,4.9433333333333325,65.46666666666667,5.73103448275862,19.176666666666666,80.82333333333332,26.23,70.31428571428572
Alaska,1.0,49.54,43.6,29.872222222222224,12.036363636363637,65.78666666666666,5.17,73.66000000000001,5.803703703703703,23.253333333333334,76.74666666666667,20.3,83.26428571428572
Alaska,2.0,38.755,33.688,30.964999999999996,13.4,74.28,5.03,68.56666666666666,5.6866666666666665,20.706666666666667,79.29333333333334,24.229999999999997,76.74666666666667
Arizona,0.0,33.278571428571425,34.494285714285716,43.80869565217392,10.711764705882352,79.64761904761905,5.9743589743589745,65.63333333333333,7.300000000000001,28.148717948717948,72.66904761904762,38.64705882352941,79.88333333333334
Arizona,1.0,47.01481481481482,43.68529411764706,35.55238095238095,10.61875,65.64,5.476315789473684,72.925,6.203030303030303,28.487179487179485,71.60249999999999,28.05625,91.1888888888889
Arizona,2.0,38.099999999999994,38.019444444444446,41.12,11.263157894736842,74.51739130434783,5.7976190476190474,67.72173913043478,6.95,28.278048780487808,73.61304347826086,35.94210526315789,86.25
Arkansas,0.0,43.83,42.736000000000004,47.335,14.986666666666668,68.58666666666666,6.86,62.026666666666664,8.193333333333333,33.57666666666667,66.42333333333333,46.88,88.69333333333334
Arkansas,1.0,54.085,51.416000000000004,42.305,10.484615384615385,51.74,6.496666666666667,74.80666666666666,6.637931034482759,34.516666666666666,65.48333333333333,31.386666666666667,93.28
Arkansas,2.0,48.78695652173913,48.81071428571429,44.785000000000004,13.106666666666666,58.9375,7.06764705882353,67.2125,7.536666666666666,35.775757575757574,64.5529411764706,39.18,91.01333333333334
California,0.0,27.788888888888888,27.96764705882353,36.57272727272727,9.9,85.8952380952381,4.782926829268293,62.219047619047615,6.6189189189189195,24.176315789473687,77.08809523809524,36.96470588235294,79.05499999999999
California,1.0,47.45925925925926,42.43939393939394,34.46363636363637,11.233333333333333,70.58500000000001,5.225641025641026,68.295,6.423529411764706,27.7375,72.6609756097561,27.923529411764704,89.17999999999999
California,2.0,36.00967741935484,34.82432432432432,34.852,10.376470588235295,78.9590909090909,5.156818181818182,63.99090909090909,6.37,25.786046511627905,74.86521739130436,32.67368421052631,84.07142857142857
Colorado,0.0,31.59166666666667,24.03793103448276,30.47,10.706666666666667,84.83529411764707,4.54,68.99444444444445,5.3100000000000005,20.17142857142857,80.03888888888889,28.866666666666667,76.20625
Colorado,1.0,49.26666666666667,36.11379310344827,26.310000000000002,10.586666666666668,70.70555555555556,4.797058823529412,75.65555555555555,5.413333333333333,22.438888888888886,77.5611111111111,23.74,88.61176470588236
Colorado,2.0,38.72222222222222,28.91875,30.6125,11.594117647058823,79.33333333333333,4.794871794871795,70.70952380952382,5.611428571428571,21.7625,78.92093023255813,27.744444444444444,83.67222222222222
Connecticut,0.0,30.258333333333336,27.243333333333332,34.229166666666664,9.0375,83.11052631578947,4.452777777777778,63.325,6.061111111111111,20.302777777777777,81.1425,35.455555555555556,82.03333333333333
Connecticut,1.0,48.45416666666667,39.38333333333333,30.142857142857142,8.569230769230769,66.72222222222223,4.871428571428571,70.96666666666667,5.390322580645161,26.197222222222223,73.80277777777778,23.46875,92.125
Connecticut,2.0,36.1037037037037,32.29333333333333,33.40833333333333,8.870588235294118,77.65238095238095,4.622222222222223,67.0047619047619,5.841666666666667,22.5,79.17380952380952,30.694444444444443,87.15
Delaware,0.0,35.30869565217392,32.16,31.945,8.569230769230769,80.90555555555555,4.7303030303030305,62.800000000000004,6.093333333333334,23.48857142857143,76.51142857142857,38.38666666666666,82.50666666666666
Delaware,1.0,50.055,40.256,29.119999999999997,9.533333333333333,63.093333333333334,4.756666666666666,72.02666666666667,5.940740740740741,22.686666666666667,77.31333333333333,27.566666666666666,93.32
Delaware,2.0,41.733333333333334,36.24333333333333,30.380000000000003,8.975,73.53888888888889,4.855555555555556,66.86666666666666,6.093939393939394,24.549999999999997,75.44999999999999,32.81333333333333,87.40625
District of Columbia,0.0,28.794999999999998,30.116,36.01176470588236,10.013333333333332,83.15333333333334,4.1866666666666665,63.67333333333333,5.3966666666666665,19.66896551724138,80.85,49.425000000000004,82.87333333333332
District of Columbia,1.0,46.06,38.584,29.619999999999997,11.18,67.26,4.48,73.33333333333333,5.296666666666667,21.503333333333334,78.49666666666667,31.364285714285717,91.35333333333332
District of Columbia,2.0,35.766666666666666,33.94814814814815,31.235000000000003,10.573333333333332,77.25882352941177,4.367741935483871,67.4764705882353,5.363333333333333,20.7375,79.05151515151515,37.49285714285714,87.44666666666667
Florida,0.0,32.76,36.85454545454546,41.237500000000004,9.81875,75.22380952380952,5.5948717948717945,60.0047619047619,7.656756756756757,26.5,74.91538461538461,43.67777777777778,80.6421052631579
Florida,1.0,48.832,45.99090909090909,37.2,9.464285714285714,61.023809523809526,5.673684210526315,69.87142857142857,6.424324324324324,29.023076923076925,72.26666666666667,34.916666666666664,94.13157894736842
Florida,2.0,41.14074074074074,41.411764705882355,38.644,9.34736842105263,68.82083333333334,5.71,65.32083333333334,7.327500000000001,26.94871794871795,73.88510638297872,38.44444444444444,88.5
Georgia,0.0,34.52272727272727,33.43793103448276,40.0,11.520000000000001,75.89444444444445,5.055882352941176,62.12777777777777,7.180645161290323,26.52285714285714,73.47714285714285,41.06666666666667,87.02666666666667
Georgia,1.0,50.005,45.03076923076923,35.325,9.3,57.88125,5.470967741935484,71.4625,6.596666666666667,28.4741935483871,71.52580645161291,30.10666666666667,94.8
Georgia,2.0,40.625,39.08125,37.765,10.3125,67.19,5.550000000000001,63.9,6.86875,28.60810810810811,71.39189189189189,35.78,89.95294117647059
Guam,0.0,28.305555555555557,34.7,40.64375,5.983333333333333,81.64999999999999,4.696000000000001,54.457142857142856,7.195833333333333,25.683333333333334,75.81481481481481,37.78333333333333,81.06666666666666
Guam,1.0,37.49411764705882,51.059090909090905,38.660000000000004,7.4,61.8,5.409090909090909,45.29230769230769,7.105882352941176,31.7,69.41538461538461,26.27142857142857,88.66363636363636
Guam,2.0,33.49130434782609,38.38275862068965,39.39375,6.2,76.25555555555555,5.013333333333334,54.28333333333333,6.944,27.513793103448275,74.75,33.541666666666664,84.11538461538461
Hawaii,0.0,27.383333333333336,24.0,26.54090909090909,8.3875,89.52222222222223,4.169444444444444,56.78888888888889,5.747222222222223,17.211111111111112,82.78888888888889,25.1125,80.26111111111112
Hawaii,1.0,42.00833333333333,37.64,25.271428571428572,8.3,78.01666666666667,4.411111111111111,62.26111111111111,5.235294117647059,20.85,79.15,17.3375,90.71666666666667
Hawaii,2.0,34.40833333333333,30.663333333333334,26.679166666666664,8.588888888888889,84.33333333333333,4.294444444444444,59.166666666666664,5.572222222222222,18.916666666666668,81.08333333333333,22.394444444444446,85.94999999999999
Idaho,0.0,33.46,29.336,31.825000000000003,10.441666666666666,83.46666666666667,4.9896551724137925,67.32666666666667,6.175,24.006666666666668,75.99333333333334,27.125,73.325
Idaho,1.0,49.675,42.17,26.54375,11.116666666666667,69.15833333333333,5.154166666666667,78.375,6.5375000000000005,21.0,79.0,19.375,89.14166666666667
Idaho,2.0,39.464999999999996,36.28076923076923,31.8,10.775,75.8625,5.260000000000001,70.7625,6.189655172413793,24.89032258064516,75.10967741935484,24.207692307692305,80.75
Illinois,0.0,33.0304347826087,29.36551724137931,30.857894736842102,8.606666666666666,82.75882352941177,5.06,64.81176470588235,5.768571428571429,24.554285714285715,75.44571428571429,34.15333333333333,81.80588235294118
Illinois,1.0,49.834782608695654,41.978571428571435,33.03,9.228571428571428,64.475,5.408823529411765,72.4125,5.66,29.61176470588235,70.38823529411764,26.613333333333333,92.46875
Illinois,2.0,39.624,34.29677419354839,37.12608695652174,9.064705882352941,77.965,5.113888888888889,67.27894736842104,5.717142857142857,26.9027027027027,74.4625,32.55882352941177,87.16666666666667
Indiana,0.0,38.208333333333336,34.99354838709677,40.99473684210526,11.953333333333335,76.61176470588236,5.865714285714286,59.93333333333333,6.84516129032258,27.355555555555554,72.64444444444445,35.50714285714286,85.81875
Indiana,1.0,52.795,42.9,36.30526315789474,10.192307692307692,58.126666666666665,5.513333333333334,73.55333333333333,5.7379310344827585,27.34333333333333,72.65666666666667,25.585714285714285,93.18666666666667
Indiana,2.0,43.732,39.146875,40.58181818181818,11.08,68.12,5.8315789473684205,63.77,6.518181818181818,29.615384615384617,70.38461538461539,32.870588235294115,89.04705882352941
Iowa,0.0,33.13157894736842,25.88695652173913,29.2,9.141666666666667,83.04666666666667,4.114814814814815,70.10666666666665,5.45,21.096551724137928,78.90344827586206,25.641666666666666,81.44166666666666
Iowa,1.0,49.89375,39.54,26.04375,8.700000000000001,68.15833333333333,4.308333333333334,79.075,5.2,19.954166666666666,80.04583333333333,17.650000000000002,92.89999999999999
Iowa,2.0,40.00416666666667,33.9448275862069,27.40625,8.933333333333334,75.6,4.5125,69.76666666666667,5.3374999999999995,24.98611111111111,75.01388888888889,21.191666666666666,87.46153846153847
Kansas,0.0,36.669230769230765,32.3,35.864999999999995,11.52142857142857,79.82777777777778,4.96578947368421,65.52777777777777,6.220588235294118,24.13684210526316,75.86315789473684,33.54375,81.22222222222223
Kansas,1.0,48.623999999999995,44.906451612903226,34.83809523809524,10.075000000000001,66.94444444444444,5.126470588235295,72.21666666666667,5.583333333333333,26.61388888888889,73.6054054054054,25.633333333333333,93.06875
Kansas,2.0,42.67777777777778,39.561764705882354,35.72692307692308,11.889473684210527,73.11,5.209756097560976,67.3,6.12972972972973,25.95609756097561,74.54186046511629,31.725,87.095
Kentucky,0.0,46.69,44.14,46.16842105263158,13.330769230769231,69.17333333333333,6.843333333333334,58.34666666666667,8.517857142857142,31.096666666666668,68.90333333333334,43.22,87.5
Kentucky,1.0,55.515,52.023999999999994,41.03157894736842,11.75,52.513333333333335,6.7266666666666675,67.77333333333334,7.041379310344827,34.419999999999995,65.58,34.233333333333334,94.44
Kentucky,2.0,50.53,47.523999999999994,43.94,12.385714285714286,61.6125,6.736666666666666,62.04705882352941,7.763333333333334,33.13548387096775,66.66875,38.873333333333335,91.02
Louisiana,0.0,39.175,39.768,45.545,11.613333333333333,72.28,6.069999999999999,62.193333333333335,7.663333333333333,29.346666666666668,70.65333333333334,46.32,87.54666666666667
Louisiana,1.0,54.85,49.276,42.88,11.226666666666667,56.76,6.3,70.80666666666666,7.196666666666667,33.8,66.2,37.94666666666667,93.80666666666666
Louisiana,2.0,45.78181818181818,43.653571428571425,44.06,11.493333333333334,69.27777777777777,6.036363636363636,65.27777777777777,7.47,30.58823529411765,69.41176470588235,41.96666666666667,90.64666666666668
Maine,0.0,39.025,27.310000000000002,31.10625,11.091666666666667,77.44166666666666,4.945833333333334,66.46666666666667,6.566666666666666,19.104166666666668,80.89583333333333,27.458333333333332,79.89166666666667
Maine,1.0,51.252941176470586,39.7952380952381,25.95,10.233333333333333,62.26666666666667,4.691666666666666,74.64999999999999,5.579166666666667,21.072,78.928,18.016666666666666,90.35000000000001
Maine,2.0,46.614999999999995,35.50769230769231,29.694117647058825,10.700000000000001,67.45,5.453333333333333,67.02499999999999,6.141666666666667,23.34,76.89354838709677,22.608333333333334,84.73076923076923
Maryland,0.0,29.403846153846153,25.400000000000002,28.110000000000003,9.12,86.16666666666667,4.02,60.72380952380953,5.3999999999999995,18.424324324324324,82.16190476190476,30.953333333333333,86.18
Maryland,1.0,48.08846153846154,34.978125,27.355,8.733333333333333,69.05238095238094,4.567741935483871,73.71428571428571,5.4,22.733333333333334,78.7025,23.813333333333333,93.55333333333333
Maryland,2.0,37.089285714285715,30.26842105263158,27.81904761904762,9.011764705882353,77.73913043478261,4.357777777777778,64.66956521739131,5.359459459459459,20.87727272727273,79.42666666666666,29.45625,88.7
Massachusetts,0.0,32.225,29.05666666666667,28.900000000000002,10.092857142857143,80.85555555555555,4.763636363636364,62.166666666666664,5.774193548387097,20.81764705882353,79.36944444444445,30.22307692307692,82.55
Massachusetts,1.0,50.85833333333333,46.37,27.744444444444444,9.8,60.90555555555555,5.151515151515151,68.71666666666667,5.823076923076924,26.852941176470587,73.42222222222222,24.116666666666664,93.62941176470588
Massachusetts,2.0,39.436,36.30333333333333,33.61304347826087,10.413333333333332,74.325,4.930555555555555,65.4857142857143,5.8500000000000005,23.044444444444444,78.35121951219513,33.04117647058824,88.75
Michigan,0.0,43.06666666666666,35.01481481481481,36.93,13.90625,77.54705882352941,6.03939393939394,58.252941176470586,7.213333333333334,25.227272727272727,74.77272727272727,38.79333333333333,82.75333333333333
Michigan,1.0,55.99047619047619,43.75384615384615,32.0,10.866666666666667,63.81333333333334,5.467741935483871,71.91333333333334,6.42,25.45483870967742,74.54516129032258,26.673333333333336,92.48
Michigan,2.0,48.352,39.73939393939394,35.2,13.294117647058824,72.49,5.931578947368421,62.98,7.14375,26.26842105263158,74.11282051282052,34.275,87.33125
Midwest,0.0,35.0625,32.7375,38.153125,11.42608695652174,79.16666666666667,5.568085106382979,61.85,6.847916666666666,25.882978723404257,74.48541666666667,36.5875,82.49583333333334
Midwest,1.0,49.94375,43.805,37.34666666666667,9.768181818181818,63.59583333333333,5.67608695652174,69.45416666666667,6.1312500000000005,28.74042553191489,71.62708333333333,28.95909090909091,93.0625
Midwest,2.0,40.840625,37.160000000000004,38.26129032258064,10.830434782608695,73.21249999999999,5.5062500000000005,64.96666666666667,6.5687500000000005,26.660416666666666,73.33958333333334,33.96363636363637,87.32083333333333
Minnesota,0.0,30.50357142857143,30.008823529411764,27.16875,10.2375,83.68333333333334,4.723809523809524,65.13478260869564,5.722222222222222,22.633333333333333,78.03777777777778,23.849999999999998,82.5
Minnesota,1.0,46.294444444444444,40.74166666666667,25.025,8.674999999999999,73.1,4.3730769230769235,78.42857142857143,5.179166666666666,20.560714285714287,79.43928571428572,17.849999999999998,92.41666666666667
Minnesota,2.0,35.99310344827586,34.45789473684211,32.5,10.34736842105263,78.46249999999999,4.741860465116279,68.54583333333333,5.8625,23.714285714285715,77.49583333333334,26.5875,86.83
Mississippi,0.0,41.85,44.044,49.105000000000004,13.34,64.62,6.45,63.080000000000005,8.27,32.72666666666667,67.27333333333334,50.81333333333334,88.84666666666666
Mississippi,1.0,54.95,55.068000000000005,46.175,10.473333333333333,47.82,6.336666666666667,72.47333333333333,6.7266666666666675,37.10333333333333,62.89666666666667,37.35333333333333,94.93333333333334
Mississippi,2.0,47.655,49.088,47.565,12.073333333333332,57.16,6.3966666666666665,67.34666666666666,7.64,34.65,65.35,43.973333333333336,91.82
Missouri,0.0,39.589999999999996,36.5,39.315,11.207142857142857,75.90666666666667,5.73,64.5,7.766666666666667,25.583333333333332,74.41666666666667,38.28,84.44
Missouri,1.0,53.7,47.824,35.769999999999996,10.553846153846154,56.55333333333333,5.5633333333333335,74.60666666666665,6.59,27.89,72.11,26.573333333333334,94.2
Missouri,2.0,45.904761904761905,41.275862068965516,37.495,10.853333333333333,68.8157894736842,5.6625,68.07894736842105,7.326666666666667,26.80606060606061,73.35882352941177,32.406666666666666,89.64
Montana,0.0,37.71,33.796,37.06315789473685,13.385714285714286,76.94666666666667,5.63,67.44,7.22,23.48,76.52,33.653333333333336,77.36666666666666
Montana,1.0,50.305,50.532,29.22631578947368,10.899999999999999,61.026666666666664,5.448275862068965,76.52666666666667,7.0793103448275865,23.683333333333334,76.31666666666666,22.90666666666667,89.34666666666666
Montana,2.0,43.80869565217392,41.11333333333334,33.495,12.386666666666667,70.48888888888888,5.724242424242425,71.22777777777777,7.180000000000001,24.546875,75.9,28.66,83.86666666666666
Nebraska,0.0,33.465384615384615,32.015151515151516,30.099999999999998,10.507692307692308,81.29499999999999,5.075,66.235,5.651724137931034,25.646153846153847,74.155,23.941666666666666,83.44999999999999
Nebraska,1.0,48.168,43.672413793103445,26.1125,9.158333333333333,71.1125,4.687096774193549,76.75,5.341666666666666,25.81714285714286,74.18285714285715,17.099999999999998,93.70833333333333
Nebraska,2.0,40.214285714285715,38.145714285714284,37.28846153846154,11.442857142857141,75.20952380952382,5.059523809523809,70.74285714285713,6.351282051282051,27.009756097560977,73.35238095238095,29.505000000000003,88.76
Nevada,0.0,28.104761904761908,36.696296296296296,36.64375,10.30909090909091,79.7625,5.661290322580645,61.6875,6.844444444444445,26.83125,73.16875,35.141666666666666,74.64615384615385
Nevada,1.0,45.78888888888889,48.12916666666666,30.38125,10.6,65.37857142857142,5.982142857142857,70.96428571428571,6.320833333333333,27.807142857142857,72.19285714285715,24.858333333333334,92.925
Nevada,2.0,35.524,42.725,34.300000000000004,10.114285714285714,71.33157894736841,5.702777777777778,63.23684210526316,6.593548387096774,27.467567567567567,72.58947368421053,29.44615384615384,84.65
New Hampshire,0.0,33.74375,23.595,26.16875,10.241666666666667,83.99166666666666,4.479166666666667,67.60000000000001,6.1499999999999995,15.454166666666666,84.54583333333333,26.875,80.15833333333333
New Hampshire,1.0,49.7125,35.894999999999996,22.46875,9.391666666666667,69.0,4.116666666666666,75.60000000000001,5.054166666666666,16.366666666666667,83.63333333333334,17.441666666666666,92.14999999999999
New Hampshire,2.0,40.74375,29.01,24.15,9.883333333333333,77.47500000000001,4.320833333333334,71.075,5.716666666666666,15.833333333333334,84.16666666666667,22.0,86.65833333333335
New Jersey,0.0,29.573684210526313,29.252,34.233333333333334,8.653333333333334,83.06,4.635483870967741,60.015,6.1000000000000005,22.903333333333332,78.39411764705882,36.516666666666666,82.33333333333333
New Jersey,1.0,45.795,42.9,36.2,10.293333333333333,64.60588235294118,5.096551724137932,66.92941176470588,6.303703703703703,27.02,73.6258064516129,28.34166666666667,92.40833333333335
New Jersey,2.0,35.1,34.144444444444446,35.09444444444445,8.9625,76.33,4.736363636363636,62.89,6.041935483870968,23.811764705882354,76.18823529411765,32.475,87.47857142857143
New Mexico,0.0,33.5,34.45666666666667,39.12380952380953,12.588888888888889,81.3111111111111,5.788888888888889,66.38888888888889,7.213888888888889,27.28611111111111,72.71388888888889,40.27058823529412,78.87222222222222
New Mexico,1.0,45.47083333333333,46.666666666666664,35.72857142857143,13.333333333333334,63.25,6.002857142857143,72.27222222222223,7.2371428571428575,30.145714285714284,69.80833333333334,27.96,90.77777777777777
New Mexico,2.0,38.9625,40.163333333333334,38.7125,13.472222222222221,73.30555555555556,5.902777777777778,69.36111111111111,7.283333333333333,28.724999999999998,71.275,34.111111111111114,85.12222222222222
New York,0.0,31.565384615384616,30.616216216216216,34.24583333333333,9.077777777777778,79.99130434782609,4.915,60.54347826086956,6.14054054054054,23.951162790697676,76.14318181818182,37.51111111111111,82.03888888888889
New York,1.0,46.05714285714286,45.51081081081081,37.829166666666666,10.566666666666666,61.55652173913043,5.505128205128205,63.36086956521739,5.786111111111111,29.595121951219515,70.61363636363636,35.150000000000006,92.71666666666667
New York,2.0,36.82666666666667,37.833333333333336,35.876,9.75,72.23913043478261,5.254347826086956,61.917391304347824,6.135714285714285,26.480434782608693,73.5195652173913,36.205555555555556,87.97142857142858
North Carolina,0.0,34.828,34.656666666666666,39.355000000000004,9.973333333333333,74.73157894736842,5.412121212121212,64.40555555555555,7.239999999999999,28.505405405405405,71.4945945945946,43.3,84.67333333333333
North Carolina,1.0,51.94,44.96,34.75,9.113333333333333,55.126666666666665,5.3566666666666665,73.74666666666667,6.733333333333333,27.216666666666665,72.78333333333333,31.553333333333335,93.69333333333334
North Carolina,2.0,42.153571428571425,41.16571428571429,36.864999999999995,9.633333333333333,65.06190476190476,5.5024390243902435,66.54285714285714,7.04,30.902380952380955,69.09761904761905,37.18,88.7875
North Dakota,0.0,36.745,29.128,27.052941176470586,8.791666666666666,80.06,5.086206896551724,68.45333333333333,5.4639999999999995,22.433333333333334,77.56666666666666,23.376923076923074,85.06923076923077
North Dakota,1.0,49.55294117647059,42.1,28.912499999999998,8.758333333333333,66.075,4.3919999999999995,78.41666666666667,4.795833333333333,23.691999999999997,76.308,15.475,93.28333333333335
North Dakota,2.0,43.2,35.94,32.31578947368421,10.835714285714285,72.43333333333334,5.126666666666667,71.8,6.0600000000000005,24.863333333333333,75.13666666666667,22.349999999999998,89.2
Northeast,0.0,32.140625,31.5625,36.88125,10.76842105263158,78.91250000000001,5.158333333333333,60.30416666666667,6.327659574468084,23.541304347826088,76.41875,39.78260869565217,83.81666666666668
Northeast,1.0,49.559374999999996,45.945,36.670967741935485,10.468421052631578,62.15416666666667,5.727659574468085,66.05416666666666,6.0829787234042545,29.142553191489363,70.76458333333333,32.80869565217392,93.24583333333334
Northeast,2.0,39.203125,37.505,36.60625,10.45,71.91250000000001,5.372916666666666,62.65833333333333,6.327083333333333,25.758333333333336,74.24166666666666,36.333333333333336,88.48333333333333
Ohio,0.0,38.60454545454545,33.45384615384615,36.985,10.421428571428573,75.9375,5.27,58.30625,7.13,23.45,76.55,38.88,85.51333333333334
Ohio,1.0,52.7,42.668,34.010000000000005,9.276923076923076,59.413333333333334,5.206666666666666,70.6,5.8933333333333335,26.44,73.24516129032257,26.71333333333333,94.15333333333334
Ohio,2.0,46.31111111111112,40.54117647058824,35.480000000000004,9.833333333333334,68.00500000000001,5.864864864864865,61.400000000000006,6.771875,28.27894736842105,73.88974358974359,32.68,89.88666666666667
Oklahoma,0.0,38.35,43.940000000000005,46.445,13.30625,72.21904761904761,6.654999999999999,62.24285714285714,8.31388888888889,29.419047619047618,70.58095238095238,42.26875,84.13888888888889
Oklahoma,1.0,52.29583333333333,53.82333333333334,40.53181818181818,11.353846153846153,55.36666666666667,5.991666666666666,72.61111111111111,7.260714285714286,31.008333333333333,68.99166666666666,31.741176470588236,93.9388888888889
Oklahoma,2.0,43.260714285714286,48.40285714285714,43.69166666666666,12.2625,65.91428571428571,6.395238095238096,66.36666666666667,7.794594594594594,30.404761904761905,69.5952380952381,38.47777777777778,88.41904761904762
Oregon,0.0,35.45,30.150000000000002,35.48125,11.758333333333333,81.95333333333333,5.21111111111111,69.03333333333333,6.664,22.560714285714287,77.43928571428572,29.25,76.2
Oregon,1.0,48.65,41.785000000000004,28.0875,10.333333333333334,71.10000000000001,5.070833333333334,76.36666666666666,6.1499999999999995,21.329166666666666,78.67083333333333,17.224999999999998,89.5
Oregon,2.0,40.61,36.24,31.48125,11.023076923076925,77.08666666666666,5.296666666666667,71.55333333333333,6.348148148148148,24.566666666666666,75.43333333333334,22.825,83.15384615384616
Pennsylvania,0.0,39.79047619047619,31.20740740740741,34.46,11.564285714285715,80.075,5.248387096774193,60.84375,6.3566666666666665,22.946875,77.053125,37.40714285714286,85.93333333333334
Pennsylvania,1.0,54.29,40.391999999999996,31.125,10.023076923076925,59.65333333333333,5.263333333333334,70.89333333333335,5.582142857142857,26.336666666666666,73.66333333333334,24.073333333333334,93.64
Pennsylvania,2.0,46.72608695652174,36.54333333333333,32.67,10.693333333333333,72.21666666666667,5.397142857142858,65.47777777777777,6.086666666666667,25.125714285714285,74.8742857142857,30.946666666666665,90.09333333333333
Puerto Rico,0.0,32.4375,54.31,66.9,10.466666666666667,80.95833333333333,6.754166666666666,57.64166666666667,7.704166666666667,47.57083333333333,52.42916666666667,62.81666666666666,85.425
Puerto Rico,1.0,45.0375,62.33,70.08125,11.327272727272726,54.56666666666666,6.329166666666667,60.63333333333333,7.369565217391305,55.020833333333336,44.979166666666664,47.15,95.40833333333335
Puerto Rico,2.0,38.4125,58.175,68.76875,10.841666666666667,68.34166666666667,6.5625,59.074999999999996,7.616666666666666,51.112500000000004,48.887499999999996,54.4,90.45833333333333
Rhode Island,0.0,34.334782608695654,31.917857142857144,29.73125,10.784615384615384,83.24375,5.278125,61.34117647058823,6.707142857142857,24.420588235294115,75.7342857142857,31.683333333333334,84.14999999999999
Rhode Island,1.0,50.18421052631579,40.75909090909091,26.1125,9.575000000000001,68.5,5.066666666666667,70.89999999999999,5.858333333333333,26.092857142857145,73.90714285714286,23.75,94.85000000000001
Rhode Island,2.0,40.574999999999996,37.25,33.775,10.426666666666668,75.49444444444445,5.391666666666667,63.772222222222226,6.46060606060606,26.283333333333335,73.71666666666667,33.3,89.56666666666666
South,0.0,34.446875,35.6425,42.609375,10.656521739130435,76.3,5.522916666666667,61.3375,7.2437499999999995,27.09375,72.90625,42.387499999999996,84.17916666666666
South,1.0,49.659375,45.7875,38.215625,10.378260869565217,60.51666666666667,5.665957446808511,71.58333333333333,6.625,29.897916666666664,70.10208333333334,34.05416666666667,93.97083333333335
South,2.0,40.6375,39.875,40.906451612903226,10.521739130434783,69.875,5.566666666666666,65.625,7.002083333333334,28.170833333333334,71.82916666666667,38.15416666666667,88.79583333333333
South Carolina,0.0,40.595238095238095,37.03076923076923,42.29,11.386666666666667,71.96000000000001,6.035483870967742,62.22666666666667,7.6466666666666665,26.677419354838708,73.3225806451613,44.0,84.84666666666666
South Carolina,1.0,54.1,45.26,35.35,9.953333333333335,57.67333333333333,5.59,73.72,6.506666666666666,27.15,72.85,31.279999999999998,92.38000000000001
South Carolina,2.0,45.560869565217395,41.90967741935484,38.565,10.786666666666667,65.26315789473684,5.859999999999999,66.66315789473684,7.145161290322581,28.119444444444444,71.88055555555555,37.31333333333334,88.76666666666667
South Dakota,0.0,34.585,30.024,32.95789473684211,9.5,80.74,4.776666666666667,69.32666666666667,5.6899999999999995,20.576666666666664,79.42333333333333,29.71333333333333,84.05333333333333
South Dakota,1.0,47.205,45.696000000000005,31.68421052631579,9.091666666666667,61.26,4.96,78.53999999999999,5.207999999999999,25.263333333333332,74.73666666666666,20.284615384615385,92.80666666666666
South Dakota,2.0,40.58,37.264,32.525,9.361538461538462,71.9125,4.8966666666666665,73.5875,5.613333333333333,22.686666666666667,77.58387096774193,25.986666666666668,88.72
Tennessee,0.0,41.739999999999995,40.088,45.635000000000005,13.521428571428572,73.09333333333333,6.52,61.333333333333336,7.944827586206896,29.226666666666667,70.77333333333333,45.28,85.97333333333333
Tennessee,1.0,55.7,48.152,39.37,10.330769230769231,56.38666666666666,5.866666666666666,75.32,6.55,31.65666666666667,68.34333333333333,31.033333333333335,93.8
Tennessee,2.0,48.53333333333334,43.708,42.425,11.879999999999999,65.86666666666666,6.28,67.32666666666667,7.3100000000000005,30.580645161290324,69.41935483870968,38.31333333333334,89.82
Texas,0.0,30.679166666666664,32.87333333333333,42.583333333333336,10.76875,81.08333333333333,4.975,64.22777777777777,6.430555555555555,26.74722222222222,74.14615384615384,41.644444444444446,82.1888888888889
Texas,1.0,49.68333333333334,46.39354838709678,38.479166666666664,12.1,66.08888888888889,5.511111111111111,73.33333333333333,6.521875,30.547222222222224,69.56052631578947,34.955555555555556,93.52777777777777
Texas,2.0,38.628571428571426,39.9,40.458333333333336,11.027777777777779,76.85652173913044,5.243589743589744,67.20434782608696,6.383333333333334,29.1974358974359,72.74468085106383,38.11666666666667,87.75263157894737
"United States, DC & Territories",0.0,33.184375,33.3675,39.56875,10.495833333333334,78.75416666666666,5.377083333333334,61.45416666666667,6.866666666666667,25.629166666666666,74.37083333333334,39.19583333333333,82.56666666666666
"United States, DC & Territories",1.0,49.08125,45.402499999999996,36.903125,10.395833333333334,62.90833333333333,5.527083333333334,69.29583333333333,6.385416666666667,29.3,70.7,31.375,92.76666666666667
"United States, DC & Territories",2.0,39.703125,38.3925,38.225,10.445833333333333,72.27083333333333,5.4312499999999995,64.75,6.679166666666667,27.089583333333334,72.91041666666666,35.291666666666664,87.49166666666667
Utah,0.0,32.595,28.212000000000003,31.694736842105264,10.221428571428572,85.66000000000001,4.36,66.92,5.348275862068966,19.740000000000002,80.26,27.146666666666665,73.88000000000001
Utah,1.0,49.345,42.048,25.6,10.700000000000001,73.48,4.946428571428571,74.26666666666667,5.591666666666666,22.446666666666665,77.55333333333333,18.775,88.75833333333333
Utah,2.0,40.76086956521739,36.693103448275856,30.23,10.478571428571428,80.36111111111111,4.68125,69.74444444444445,5.39,22.772727272727273,77.9,24.040000000000003,80.96666666666667
Vermont,0.0,35.393750000000004,24.64,28.5125,11.791666666666666,82.41666666666667,4.604166666666667,68.575,5.920833333333333,15.704166666666666,84.29583333333333,26.708333333333332,79.875
Vermont,1.0,49.325,37.105000000000004,25.725,10.333333333333334,65.14999999999999,4.666666666666667,76.55,5.808333333333334,18.7,81.3,19.591666666666665,90.85000000000001
Vermont,2.0,41.81875,32.061904761904756,27.0,11.1,70.0,5.056,69.48461538461538,5.870833333333334,20.096153846153847,79.90384615384616,22.96666666666667,85.94166666666666
Virgin Islands,0.0,41.27421652421652,29.82,34.95019354838709,9.8,79.64999999999999,3.96,60.25,4.225,20.240000000000002,82.26666666666667,31.380833333333335,87.92571428571429
Virgin Islands,1.0,41.27421652421652,31.075,34.95019354838709,6.166666666666667,52.760000000000005,4.9,64.58,2.8666666666666667,30.875,72.02000000000001,31.380833333333335,87.92571428571429
Virgin Islands,2.0,41.27421652421652,28.150000000000002,34.95019354838709,7.7,69.83333333333333,4.1499999999999995,62.03333333333333,3.7399999999999998,25.119999999999997,77.43333333333334,31.380833333333335,87.92571428571429
Virginia,0.0,35.1,27.823333333333334,33.58,9.246666666666666,81.93333333333334,4.388235294117647,62.29473684210526,6.056666666666667,21.00277777777778,79.46216216216216,33.57333333333334,84.39333333333335
Virginia,1.0,51.25714285714286,40.38076923076923,32.17,8.753333333333334,64.08125,4.993548387096775,71.21875,6.113333333333333,25.378125,74.621875,27.346666666666668,93.98
Virginia,2.0,41.4076923076923,34.3875,32.72,9.033333333333333,74.9047619047619,4.72972972972973,66.30952380952381,6.0588235294117645,23.48378378378378,77.5142857142857,30.293333333333333,89.18235294117646
Washington,0.0,33.08064516129032,29.205714285714283,33.421052631578945,12.23125,83.58695652173913,5.0200000000000005,64.21818181818182,6.071875,23.68536585365854,77.55434782608695,29.342857142857145,75.68125
Washington,1.0,47.7,37.42333333333333,26.04375,11.084615384615384,73.33157894736841,5.078125,72.67894736842106,5.933333333333334,23.406060606060606,77.56842105263158,18.091666666666665,88.81333333333333
Washington,2.0,39.509375,33.947500000000005,33.7,12.172222222222222,78.40416666666667,5.236170212765957,65.62916666666666,6.578571428571429,24.10851063829787,76.22916666666667,28.505882352941175,83.4608695652174
West,0.0,30.078125,30.317500000000003,36.670967741935485,10.366666666666667,82.53333333333333,5.136170212765958,62.449999999999996,6.7250000000000005,24.33404255319149,76.08541666666666,35.829166666666666,78.54583333333333
West,1.0,46.853125,43.1725,33.303125,10.830434782608695,68.5625,5.287234042553192,69.21249999999999,6.210416666666667,27.24042553191489,73.0125,29.595454545454547,89.58333333333333
West,2.0,37.003125,35.71,35.04838709677419,10.8,76.87916666666666,5.2893617021276595,65.27916666666667,6.5375000000000005,25.15625,74.84375,32.112500000000004,84.0125
West Virginia,0.0,53.83529411764706,48.80952380952381,47.5875,13.083333333333334,63.215384615384615,7.923076923076923,54.62307692307692,9.358333333333333,35.44615384615385,64.55384615384615,44.166666666666664,86.51666666666667
West Virginia,1.0,61.29375,55.915,39.64375,11.208333333333334,46.23333333333333,6.858333333333333,69.55833333333334,7.970833333333334,33.55833333333333,66.44166666666666,30.933333333333334,93.49166666666667
West Virginia,2.0,57.15,51.62083333333334,44.15294117647059,12.191666666666668,54.86666666666667,7.279310344827586,60.20666666666667,8.761538461538462,34.39333333333333,65.60666666666667,38.4,90.39999999999999
Wisconsin,0.0,37.39,28.116,28.08125,11.108333333333334,80.275,5.228571428571429,66.68125,6.096,20.67,79.55483870967741,26.958333333333332,82.64615384615385
Wisconsin,1.0,52.660000000000004,38.641666666666666,27.58823529411765,8.408333333333333,67.65,5.062962962962962,73.02666666666667,5.2875000000000005,23.314285714285713,76.67333333333333,23.33076923076923,92.03999999999999
Wisconsin,2.0,44.40833333333333,34.34827586206897,30.3,9.866666666666667,72.5,5.276666666666667,68.02105263157895,6.577419354838709,23.459375,75.8162162162162,29.026666666666664,89.04375
Wyoming,0.0,34.8421052631579,29.68,30.9375,9.266666666666667,79.49333333333334,4.871428571428572,67.14,6.195833333333333,20.520689655172415,79.4793103448276,26.675,79.89166666666667
Wyoming,1.0,46.72941176470588,43.37619047619047,28.68125,10.291666666666666,67.83846153846153,4.808333333333334,76.3076923076923,6.2250000000000005,21.752,78.248,19.724999999999998,89.73333333333333
Wyoming,2.0,39.38,36.14,29.650000000000002,9.75,73.99333333333334,4.953333333333333,70.94666666666667,6.266666666666667,21.94,78.06,23.041666666666668,84.92307692307692
